-- phpMyAdmin SQL Dump
-- version 5.0.2
-- https://www.phpmyadmin.net/
--
-- Host: 127.0.0.1
-- Generation Time: Jul 04, 2020 at 02:18 PM
-- Server version: 10.4.11-MariaDB
-- PHP Version: 7.4.5

SET SQL_MODE = "NO_AUTO_VALUE_ON_ZERO";
START TRANSACTION;
SET time_zone = "+00:00";


/*!40101 SET @OLD_CHARACTER_SET_CLIENT=@@CHARACTER_SET_CLIENT */;
/*!40101 SET @OLD_CHARACTER_SET_RESULTS=@@CHARACTER_SET_RESULTS */;
/*!40101 SET @OLD_COLLATION_CONNECTION=@@COLLATION_CONNECTION */;
/*!40101 SET NAMES utf8mb4 */;

--
-- Database: `said_anas`
--

-- --------------------------------------------------------

--
-- Table structure for table `categories`
--

CREATE TABLE `categories` (
  `id` int(11) NOT NULL,
  `name` varchar(50) COLLATE utf8_unicode_ci NOT NULL
) ENGINE=InnoDB DEFAULT CHARSET=utf8 COLLATE=utf8_unicode_ci;

--
-- Dumping data for table `categories`
--

INSERT INTO `categories` (`id`, `name`) VALUES
(1, 'ice-creams'),
(2, 'drinks'),
(3, 'sweets');

-- --------------------------------------------------------

--
-- Table structure for table `items`
--

CREATE TABLE `items` (
  `id` int(11) NOT NULL,
  `name` varchar(50) COLLATE utf8_unicode_ci NOT NULL,
  `photo` varchar(50) COLLATE utf8_unicode_ci NOT NULL,
  `category_id` int(11) NOT NULL,
  `price` decimal(5,2) NOT NULL,
  `created_at` date NOT NULL DEFAULT current_timestamp(),
  `updated_at` date NOT NULL
) ENGINE=InnoDB DEFAULT CHARSET=utf8 COLLATE=utf8_unicode_ci;

--
-- Dumping data for table `items`
--

INSERT INTO `items` (`id`, `name`, `photo`, `category_id`, `price`, `created_at`, `updated_at`) VALUES
(40, 'Water', '177437872.png', 2, '0.25', '2020-06-26', '0000-00-00'),
(41, 'Banana', '1257969615.png', 2, '1.00', '2020-06-26', '0000-00-00'),
(42, 'Fig', '194922064.png', 2, '1.00', '2020-06-26', '0000-00-00'),
(43, 'Orange', '1337601148.png', 2, '1.00', '2020-06-26', '0000-00-00'),
(45, 'icecream', '1843356353.png', 1, '1.00', '2020-06-28', '0000-00-00'),
(46, 'pomegranate', '589207476.png', 2, '1.00', '2020-06-29', '0000-00-00'),
(47, 'kiwi', '1743339117.png', 2, '1.00', '2020-06-29', '0000-00-00'),
(48, 'melon', '173233121.jpg', 2, '1.00', '2020-06-29', '0000-00-00'),
(49, 'ginger', '624464564.png', 2, '1.00', '2020-06-29', '0000-00-00'),
(50, 'pineapple', '459464027.png', 2, '1.00', '2020-06-29', '0000-00-00'),
(51, 'mango', '1941458477.png', 2, '1.00', '2020-06-29', '0000-00-00'),
(52, 'strawberry', '1455693030.png', 2, '1.00', '2020-06-29', '0000-00-00'),
(53, 'lemon', '1727672173.png', 2, '1.00', '2020-06-29', '0000-00-00'),
(54, 'apricot', '1824661261.png', 2, '1.00', '2020-06-29', '0000-00-00'),
(55, 'carrot', '1603622385.png', 2, '1.00', '2020-06-29', '0000-00-00'),
(56, 'grapefruit', '775923791.png', 2, '1.00', '2020-06-29', '0000-00-00'),
(57, 'grape', '1771084708.png', 2, '1.00', '2020-06-29', '0000-00-00'),
(58, 'apple', '464799777.png', 2, '1.00', '2020-06-29', '0000-00-00'),
(60, 'cake-with-milk', '95822886.png', 3, '1.00', '2020-06-29', '0000-00-00'),
(61, 'custard-baklawa', '2096997551.png', 3, '1.00', '2020-06-29', '0000-00-00'),
(62, 'custard-kahve', '11943750.png', 3, '1.00', '2020-06-29', '0000-00-00'),
(63, 'custard-sada', '932117658.png', 3, '1.00', '2020-06-29', '0000-00-00'),
(64, 'muhallebi', '1073544033.png', 3, '1.00', '2020-06-29', '0000-00-00'),
(65, 'muhallebi-frn', '1608603943.png', 3, '1.00', '2020-06-29', '0000-00-00'),
(66, 'muhallebi-safari', '2115418795.jpg', 3, '1.00', '2020-06-29', '0000-00-00'),
(67, 'turkish-icecream', '329565267.png', 1, '1.00', '2020-06-29', '0000-00-00'),
(68, 'one-kg-icecream', '1770458712.png', 1, '1.00', '2020-06-29', '0000-00-00'),
(69, 'halvah-icecream', '1992822794.png', 1, '1.00', '2020-06-29', '0000-00-00'),
(70, 'azberry', '1090561118.jpg', 1, '1.00', '2020-06-29', '0000-00-00'),
(71, 'azbarry-with-pistachio', '323549641.png', 1, '1.00', '2020-06-29', '0000-00-00'),
(72, 'sahlep', '2097746270.png', 2, '1.00', '2020-06-29', '0000-00-00');

-- --------------------------------------------------------

--
-- Table structure for table `items_in_transaction`
--

CREATE TABLE `items_in_transaction` (
  `id` int(11) NOT NULL,
  `transaction_id` int(11) NOT NULL,
  `item_id` int(11) NOT NULL,
  `quantity` int(11) NOT NULL
) ENGINE=InnoDB DEFAULT CHARSET=utf8 COLLATE=utf8_unicode_ci;

--
-- Dumping data for table `items_in_transaction`
--

INSERT INTO `items_in_transaction` (`id`, `transaction_id`, `item_id`, `quantity`) VALUES
(193, 142, 40, 1),
(194, 143, 42, 1),
(195, 143, 43, 1),
(196, 143, 40, 1),
(197, 144, 40, 1),
(198, 144, 41, 1),
(199, 145, 40, 1),
(200, 146, 40, 1),
(201, 147, 40, 1),
(202, 147, 41, 1),
(203, 148, 40, 1),
(204, 149, 40, 1),
(205, 150, 40, 1),
(206, 151, 42, 1),
(207, 151, 43, 1),
(208, 152, 41, 1),
(209, 152, 40, 1),
(210, 153, 40, 1),
(211, 154, 41, 1),
(212, 155, 40, 1),
(213, 155, 41, 1),
(214, 156, 40, 1),
(215, 157, 40, 1),
(216, 158, 40, 1),
(217, 159, 41, 1),
(218, 159, 42, 1),
(219, 159, 43, 1),
(220, 159, 40, 1),
(221, 160, 40, 1),
(222, 160, 41, 1),
(223, 161, 40, 1),
(224, 161, 41, 1),
(225, 161, 43, 1),
(228, 161, 42, 1),
(229, 162, 40, 1),
(230, 162, 41, 1),
(231, 162, 42, 1),
(232, 162, 43, 1),
(233, 163, 40, 1),
(234, 163, 41, 1),
(235, 163, 43, 1),
(236, 163, 42, 1),
(237, 164, 40, 1),
(238, 165, 43, 1),
(240, 167, 40, 1),
(241, 168, 40, 1),
(242, 168, 41, 1),
(243, 169, 43, 1),
(244, 170, 40, 1),
(245, 171, 41, 1),
(246, 172, 40, 1),
(247, 172, 41, 1),
(248, 173, 40, 1),
(249, 173, 41, 1),
(250, 174, 41, 1),
(251, 175, 40, 1),
(252, 175, 42, 1),
(253, 176, 40, 1),
(254, 177, 41, 1),
(255, 178, 40, 1),
(256, 179, 41, 1),
(257, 180, 42, 1),
(258, 180, 43, 1),
(259, 180, 40, 1),
(260, 181, 40, 1),
(261, 182, 40, 1),
(262, 182, 41, 1),
(263, 182, 43, 1),
(264, 182, 42, 1),
(265, 183, 43, 6),
(266, 183, 41, 4),
(267, 183, 42, 3),
(268, 183, 40, 4),
(269, 184, 40, 1),
(270, 184, 43, 1),
(271, 184, 42, 1),
(272, 184, 41, 1),
(273, 185, 45, 1),
(274, 186, 40, 6),
(275, 186, 41, 7),
(276, 186, 42, 4),
(277, 187, 40, 1),
(278, 187, 41, 1),
(279, 188, 40, 1),
(280, 188, 41, 3),
(281, 189, 40, 2),
(282, 189, 41, 3),
(283, 190, 40, 1),
(284, 190, 41, 1),
(285, 191, 40, 1),
(289, 193, 42, 1),
(290, 193, 41, 1),
(291, 194, 40, 1),
(292, 195, 42, 1),
(293, 195, 41, 1),
(294, 196, 41, 5),
(295, 197, 41, 1),
(296, 197, 43, 1),
(297, 197, 47, 1),
(298, 197, 68, 1),
(299, 197, 67, 1),
(300, 197, 45, 7),
(301, 198, 45, 1),
(302, 198, 67, 1),
(303, 198, 68, 1),
(304, 199, 45, 1),
(305, 200, 40, 1),
(306, 200, 41, 1),
(307, 201, 41, 4),
(308, 202, 40, 1),
(309, 203, 40, 1),
(310, 204, 60, 1),
(311, 204, 66, 1),
(312, 205, 60, 1),
(313, 206, 40, 1),
(314, 207, 41, 1),
(315, 208, 40, 1),
(316, 209, 48, 1),
(317, 210, 40, 1),
(318, 211, 40, 1),
(319, 212, 40, 1),
(320, 213, 41, 1),
(321, 214, 48, 1),
(322, 215, 40, 1),
(323, 216, 40, 1),
(324, 217, 43, 1),
(325, 218, 40, 1),
(326, 219, 40, 1),
(327, 220, 40, 1),
(328, 220, 42, 1),
(329, 220, 43, 1),
(330, 220, 55, 1),
(331, 220, 49, 1),
(332, 221, 41, 1),
(333, 221, 42, 1),
(334, 221, 48, 1),
(335, 221, 50, 1),
(336, 222, 48, 1),
(337, 223, 45, 1),
(338, 223, 40, 1),
(339, 224, 41, 1),
(340, 225, 41, 1),
(341, 226, 40, 1),
(342, 227, 40, 1),
(343, 228, 40, 1),
(344, 229, 48, 1),
(345, 230, 41, 1),
(346, 231, 48, 1),
(347, 231, 49, 1),
(348, 231, 50, 1),
(349, 231, 51, 1),
(350, 231, 52, 1),
(351, 231, 53, 1),
(352, 231, 56, 1),
(353, 231, 58, 1),
(354, 231, 72, 1),
(355, 231, 54, 1),
(356, 231, 55, 1),
(357, 232, 48, 1),
(358, 232, 49, 1),
(359, 232, 50, 1),
(360, 232, 52, 1),
(361, 232, 72, 1),
(362, 232, 57, 1),
(363, 233, 40, 1),
(364, 234, 40, 1),
(365, 235, 40, 1),
(366, 236, 40, 1),
(367, 237, 40, 1),
(368, 238, 40, 1),
(369, 239, 40, 1),
(370, 240, 40, 1),
(371, 241, 40, 1),
(372, 242, 40, 1),
(373, 243, 40, 1),
(374, 244, 40, 1),
(375, 245, 40, 1),
(376, 246, 41, 1),
(377, 247, 40, 1),
(378, 248, 41, 1),
(379, 249, 41, 1),
(380, 250, 41, 1),
(381, 251, 40, 1),
(382, 252, 40, 1),
(383, 253, 40, 1),
(384, 254, 40, 1),
(385, 255, 41, 1),
(386, 256, 40, 1),
(387, 257, 40, 1),
(388, 258, 41, 1),
(389, 259, 40, 1),
(390, 260, 40, 1),
(391, 261, 42, 1),
(392, 262, 41, 1),
(393, 263, 40, 1),
(394, 264, 41, 1),
(395, 265, 40, 1),
(396, 266, 42, 1),
(397, 267, 42, 1),
(398, 268, 41, 1),
(399, 269, 40, 1),
(400, 270, 40, 1),
(401, 271, 41, 1),
(402, 272, 40, 1),
(403, 273, 40, 1),
(404, 274, 41, 1),
(405, 275, 40, 1),
(406, 276, 40, 1),
(407, 277, 41, 1),
(408, 278, 40, 1),
(409, 279, 40, 1),
(410, 279, 41, 1),
(411, 280, 45, 1),
(412, 280, 67, 1),
(413, 281, 40, 1),
(414, 282, 40, 1),
(415, 283, 40, 1),
(416, 284, 40, 1),
(417, 285, 40, 1),
(418, 286, 40, 1),
(419, 287, 40, 1),
(420, 288, 40, 1),
(421, 289, 40, 1),
(422, 290, 40, 1),
(423, 291, 40, 1),
(424, 292, 40, 1),
(425, 293, 40, 1),
(426, 294, 40, 1),
(427, 295, 41, 1),
(428, 295, 43, 1),
(429, 295, 46, 1),
(430, 296, 40, 1),
(431, 297, 40, 1),
(432, 298, 40, 1),
(433, 299, 40, 1),
(434, 300, 41, 4),
(435, 301, 40, 1),
(436, 302, 41, 1),
(437, 303, 40, 1),
(438, 304, 40, 1),
(439, 305, 40, 1),
(440, 306, 40, 1),
(441, 307, 40, 1),
(442, 308, 40, 1),
(443, 309, 40, 1),
(444, 310, 40, 1),
(445, 314, 42, 1),
(446, 314, 49, 1),
(447, 315, 41, 1),
(448, 316, 51, 1),
(449, 316, 43, 1);

-- --------------------------------------------------------

--
-- Table structure for table `safe`
--

CREATE TABLE `safe` (
  `id` int(11) NOT NULL,
  `name` varchar(50) COLLATE utf8_unicode_ci NOT NULL,
  `balance` decimal(10,2) NOT NULL
) ENGINE=InnoDB DEFAULT CHARSET=utf8 COLLATE=utf8_unicode_ci;

--
-- Dumping data for table `safe`
--

INSERT INTO `safe` (`id`, `name`, `balance`) VALUES
(1, 'Upstairs Safe', '206.02');

-- --------------------------------------------------------

--
-- Table structure for table `sales_transaction`
--

CREATE TABLE `sales_transaction` (
  `id` int(11) NOT NULL,
  `user_id` int(11) NOT NULL,
  `safe_id` int(11) NOT NULL,
  `transaction_date_time` datetime NOT NULL DEFAULT current_timestamp(),
  `transaction_amount` decimal(13,2) NOT NULL
) ENGINE=InnoDB DEFAULT CHARSET=utf8 COLLATE=utf8_unicode_ci;

--
-- Dumping data for table `sales_transaction`
--

INSERT INTO `sales_transaction` (`id`, `user_id`, `safe_id`, `transaction_date_time`, `transaction_amount`) VALUES
(142, 1, 1, '2020-06-29 10:28:13', '0.25'),
(143, 1, 1, '2020-06-29 10:28:42', '2.25'),
(144, 1, 1, '2020-06-29 10:29:07', '1.25'),
(145, 1, 1, '2020-06-29 10:30:24', '0.25'),
(146, 1, 1, '2020-06-29 10:42:37', '0.25'),
(147, 1, 1, '2020-06-29 10:43:28', '1.25'),
(148, 1, 1, '2020-06-29 10:45:32', '0.25'),
(149, 1, 1, '2020-06-29 10:46:06', '0.25'),
(150, 1, 1, '2020-06-29 10:46:46', '0.25'),
(151, 1, 1, '2020-06-29 10:47:01', '2.00'),
(152, 1, 1, '2020-06-29 10:48:07', '1.25'),
(153, 1, 1, '2020-06-29 10:50:20', '0.25'),
(154, 1, 1, '2020-06-29 10:50:55', '1.00'),
(155, 1, 1, '2020-06-29 10:54:18', '1.25'),
(156, 1, 1, '2020-06-29 10:56:16', '0.25'),
(157, 1, 1, '2020-06-29 11:03:06', '0.25'),
(158, 1, 1, '2020-06-29 11:03:32', '0.25'),
(159, 1, 1, '2020-06-29 11:04:23', '3.25'),
(160, 1, 1, '2020-06-29 11:05:32', '1.25'),
(161, 1, 1, '2020-06-29 11:05:51', '3.25'),
(162, 1, 1, '2020-06-29 11:17:54', '3.25'),
(163, 1, 1, '2020-06-29 11:18:21', '3.25'),
(164, 1, 1, '2020-06-29 11:19:06', '0.25'),
(165, 1, 1, '2020-06-29 11:19:44', '1.00'),
(167, 1, 1, '2020-06-29 11:20:34', '0.25'),
(168, 1, 1, '2020-06-29 11:21:31', '1.25'),
(169, 1, 1, '2020-06-29 11:21:53', '1.00'),
(170, 1, 1, '2020-06-29 11:23:24', '0.25'),
(171, 1, 1, '2020-06-29 11:24:57', '1.00'),
(172, 1, 1, '2020-06-29 11:27:04', '1.25'),
(173, 1, 1, '2020-06-29 11:28:14', '1.25'),
(174, 1, 1, '2020-06-29 11:28:35', '1.00'),
(175, 1, 1, '2020-06-29 11:29:05', '1.25'),
(176, 1, 1, '2020-06-29 11:30:22', '0.25'),
(177, 1, 1, '2020-06-29 11:31:19', '1.00'),
(178, 1, 1, '2020-06-29 11:31:42', '0.25'),
(179, 1, 1, '2020-06-29 11:32:57', '1.00'),
(180, 1, 1, '2020-06-29 11:33:49', '2.25'),
(181, 1, 1, '2020-06-29 11:36:06', '0.25'),
(182, 1, 1, '2020-06-29 11:39:32', '3.25'),
(183, 1, 1, '2020-06-29 11:39:53', '14.00'),
(184, 1, 1, '2020-06-29 11:40:35', '3.25'),
(185, 1, 1, '2020-06-29 11:42:22', '0.02'),
(186, 1, 1, '2020-06-29 11:55:04', '12.50'),
(187, 1, 1, '2020-06-29 11:55:39', '1.25'),
(188, 1, 1, '2020-06-29 11:57:04', '3.25'),
(189, 1, 1, '2020-06-29 11:57:25', '3.50'),
(190, 1, 1, '2020-06-29 11:58:04', '1.25'),
(191, 1, 1, '2020-06-29 13:28:10', '0.25'),
(193, 1, 1, '2020-06-29 13:29:22', '2.00'),
(194, 1, 1, '2020-06-29 13:29:58', '0.25'),
(195, 1, 1, '2020-06-29 13:30:14', '2.00'),
(196, 1, 1, '2020-06-29 13:39:09', '5.00'),
(197, 1, 1, '2020-06-30 11:09:45', '12.00'),
(198, 1, 1, '2020-06-30 11:10:20', '3.00'),
(199, 1, 1, '2020-06-30 11:10:34', '1.00'),
(200, 1, 1, '2020-06-30 11:11:26', '1.25'),
(201, 1, 1, '2020-06-30 11:27:24', '4.00'),
(202, 1, 1, '2020-07-01 12:42:44', '0.25'),
(203, 1, 1, '2020-07-01 18:56:31', '0.25'),
(204, 1, 1, '2020-07-01 21:20:53', '2.00'),
(205, 1, 1, '2020-07-01 21:21:08', '1.00'),
(206, 1, 1, '2020-07-01 21:24:39', '0.25'),
(207, 1, 1, '2020-07-01 21:24:57', '1.00'),
(208, 1, 1, '2020-07-01 21:25:05', '0.25'),
(209, 1, 1, '2020-07-01 21:25:55', '1.00'),
(210, 1, 1, '2020-07-01 21:26:53', '0.25'),
(211, 1, 1, '2020-07-01 21:27:14', '0.25'),
(212, 1, 1, '2020-07-01 21:27:28', '0.25'),
(213, 1, 1, '2020-07-01 21:27:47', '1.00'),
(214, 1, 1, '2020-07-01 21:28:12', '1.00'),
(215, 1, 1, '2020-07-01 21:28:24', '0.25'),
(216, 1, 1, '2020-07-01 21:28:51', '0.25'),
(217, 1, 1, '2020-07-01 21:32:23', '1.00'),
(218, 1, 1, '2020-07-01 21:39:15', '0.25'),
(219, 1, 1, '2020-07-01 21:56:16', '0.25'),
(220, 1, 1, '2020-07-01 21:57:12', '4.25'),
(221, 1, 1, '2020-07-01 21:57:44', '4.00'),
(222, 1, 1, '2020-07-01 21:59:01', '1.00'),
(223, 1, 1, '2020-07-01 21:59:32', '1.25'),
(224, 1, 1, '2020-07-01 21:59:41', '1.00'),
(225, 1, 1, '2020-07-01 22:00:04', '1.00'),
(226, 1, 1, '2020-07-01 22:00:23', '0.25'),
(227, 1, 1, '2020-07-01 22:05:50', '0.25'),
(228, 1, 1, '2020-07-01 22:07:46', '0.25'),
(229, 1, 1, '2020-07-01 22:08:19', '1.00'),
(230, 1, 1, '2020-07-01 22:08:41', '1.00'),
(231, 1, 1, '2020-07-01 22:09:33', '11.00'),
(232, 1, 1, '2020-07-01 22:12:26', '6.00'),
(233, 1, 1, '2020-07-01 22:13:17', '0.25'),
(234, 1, 1, '2020-07-01 22:16:46', '0.25'),
(235, 1, 1, '2020-07-01 22:19:03', '0.25'),
(236, 1, 1, '2020-07-01 22:19:59', '0.25'),
(237, 1, 1, '2020-07-01 22:21:44', '0.25'),
(238, 1, 1, '2020-07-01 22:22:06', '0.25'),
(239, 1, 1, '2020-07-01 22:24:17', '0.25'),
(240, 1, 1, '2020-07-01 22:25:26', '0.25'),
(241, 1, 1, '2020-07-01 22:25:43', '0.25'),
(242, 1, 1, '2020-07-01 22:26:42', '0.25'),
(243, 1, 1, '2020-07-01 22:27:00', '0.25'),
(244, 1, 1, '2020-07-01 22:32:12', '0.25'),
(245, 1, 1, '2020-07-01 22:32:56', '0.25'),
(246, 1, 1, '2020-07-01 22:33:43', '1.00'),
(247, 1, 1, '2020-07-01 22:34:10', '0.25'),
(248, 1, 1, '2020-07-01 22:34:36', '1.00'),
(249, 1, 1, '2020-07-01 22:35:01', '1.00'),
(250, 1, 1, '2020-07-01 22:35:36', '1.00'),
(251, 1, 1, '2020-07-01 22:36:05', '0.25'),
(252, 1, 1, '2020-07-01 22:36:24', '0.25'),
(253, 1, 1, '2020-07-01 22:36:39', '0.25'),
(254, 1, 1, '2020-07-01 22:37:04', '0.25'),
(255, 1, 1, '2020-07-01 22:37:20', '1.00'),
(256, 1, 1, '2020-07-01 22:37:45', '0.25'),
(257, 1, 1, '2020-07-01 22:38:39', '0.25'),
(258, 1, 1, '2020-07-01 22:39:03', '1.00'),
(259, 1, 1, '2020-07-01 22:40:05', '0.25'),
(260, 1, 1, '2020-07-01 22:40:40', '0.25'),
(261, 1, 1, '2020-07-01 22:41:22', '1.00'),
(262, 1, 1, '2020-07-01 22:41:52', '1.00'),
(263, 1, 1, '2020-07-01 22:43:43', '0.25'),
(264, 1, 1, '2020-07-01 22:45:28', '1.00'),
(265, 1, 1, '2020-07-01 22:46:11', '0.25'),
(266, 1, 1, '2020-07-01 22:46:20', '1.00'),
(267, 1, 1, '2020-07-01 22:46:45', '1.00'),
(268, 1, 1, '2020-07-01 22:46:55', '1.00'),
(269, 1, 1, '2020-07-01 22:47:02', '0.25'),
(270, 1, 1, '2020-07-01 22:47:43', '0.25'),
(271, 1, 1, '2020-07-01 22:48:02', '1.00'),
(272, 1, 1, '2020-07-01 22:48:10', '0.25'),
(273, 1, 1, '2020-07-01 22:48:39', '0.25'),
(274, 1, 1, '2020-07-01 22:49:05', '1.00'),
(275, 1, 1, '2020-07-01 22:49:13', '0.25'),
(276, 1, 1, '2020-07-01 22:49:27', '0.25'),
(277, 1, 1, '2020-07-01 22:49:45', '1.00'),
(278, 1, 1, '2020-07-02 15:28:57', '0.25'),
(279, 1, 1, '2020-07-03 18:55:21', '1.25'),
(280, 1, 1, '2020-07-03 18:55:54', '2.00'),
(281, 1, 1, '2020-07-03 18:57:01', '0.25'),
(282, 1, 1, '2020-07-03 18:57:20', '0.25'),
(283, 1, 1, '2020-07-03 18:57:44', '0.25'),
(284, 1, 1, '2020-07-03 18:58:26', '0.25'),
(285, 1, 1, '2020-07-03 18:58:37', '0.25'),
(286, 1, 1, '2020-07-03 18:59:06', '0.25'),
(287, 1, 1, '2020-07-03 18:59:19', '0.25'),
(288, 1, 1, '2020-07-03 18:59:33', '0.25'),
(289, 1, 1, '2020-07-03 18:59:44', '0.25'),
(290, 1, 1, '2020-07-03 18:59:59', '0.25'),
(291, 1, 1, '2020-07-03 19:00:10', '0.25'),
(292, 1, 1, '2020-07-03 19:00:22', '0.25'),
(293, 1, 1, '2020-07-03 19:00:49', '0.25'),
(294, 1, 1, '2020-07-03 19:01:53', '0.25'),
(295, 1, 1, '2020-07-03 19:02:25', '3.00'),
(296, 1, 1, '2020-07-03 19:03:23', '0.25'),
(297, 1, 1, '2020-07-03 19:07:20', '0.25'),
(298, 1, 1, '2020-07-03 19:09:45', '0.25'),
(299, 1, 1, '2020-07-03 21:46:23', '0.25'),
(300, 1, 1, '2020-07-04 11:02:11', '4.00'),
(301, 1, 1, '2020-07-04 11:05:38', '0.25'),
(302, 1, 1, '2020-07-04 11:06:29', '1.00'),
(303, 1, 1, '2020-07-04 11:07:20', '0.25'),
(304, 1, 1, '2020-07-04 11:43:25', '0.25'),
(305, 1, 1, '2020-07-04 11:43:42', '0.25'),
(306, 1, 1, '2020-07-04 11:43:54', '0.25'),
(307, 1, 1, '2020-07-04 11:44:44', '0.25'),
(308, 1, 1, '2020-07-04 11:45:56', '0.25'),
(309, 1, 1, '2020-07-04 11:46:18', '0.25'),
(310, 1, 1, '2020-07-04 14:57:11', '0.25'),
(314, 1, 1, '2020-07-04 14:58:56', '2.00'),
(315, 1, 1, '2020-07-04 15:04:57', '1.00'),
(316, 20, 1, '2020-07-04 15:05:38', '2.00');

-- --------------------------------------------------------

--
-- Table structure for table `users`
--

CREATE TABLE `users` (
  `id` int(11) NOT NULL,
  `firstname` varchar(50) COLLATE utf8_unicode_ci NOT NULL,
  `lastname` varchar(50) COLLATE utf8_unicode_ci NOT NULL,
  `username` varchar(50) COLLATE utf8_unicode_ci NOT NULL,
  `password` varchar(50) COLLATE utf8_unicode_ci NOT NULL,
  `role` enum('cashier','admin') COLLATE utf8_unicode_ci NOT NULL,
  `created_at` date NOT NULL DEFAULT current_timestamp()
) ENGINE=InnoDB DEFAULT CHARSET=utf8 COLLATE=utf8_unicode_ci;

--
-- Dumping data for table `users`
--

INSERT INTO `users` (`id`, `firstname`, `lastname`, `username`, `password`, `role`, `created_at`) VALUES
(1, 'Jihad', 'Abdulrazaq', 'joj', '123', 'admin', '2020-06-26'),
(20, 'muhammad', 'razaq', 'hama', '123', 'cashier', '2020-07-04');

--
-- Indexes for dumped tables
--

--
-- Indexes for table `categories`
--
ALTER TABLE `categories`
  ADD PRIMARY KEY (`id`);

--
-- Indexes for table `items`
--
ALTER TABLE `items`
  ADD PRIMARY KEY (`id`),
  ADD UNIQUE KEY `name` (`name`),
  ADD KEY `index of category_id in items table` (`category_id`);

--
-- Indexes for table `items_in_transaction`
--
ALTER TABLE `items_in_transaction`
  ADD PRIMARY KEY (`id`),
  ADD KEY `index of transaction_id in item_in_transaction table` (`transaction_id`),
  ADD KEY `index of item_id in items_in_transaction table` (`item_id`);

--
-- Indexes for table `safe`
--
ALTER TABLE `safe`
  ADD PRIMARY KEY (`id`);

--
-- Indexes for table `sales_transaction`
--
ALTER TABLE `sales_transaction`
  ADD PRIMARY KEY (`id`),
  ADD KEY `index of user_id in sales_transaction table` (`user_id`),
  ADD KEY `index of safe_id in sales_transaction table` (`safe_id`);

--
-- Indexes for table `users`
--
ALTER TABLE `users`
  ADD PRIMARY KEY (`id`),
  ADD UNIQUE KEY `username` (`username`);

--
-- AUTO_INCREMENT for dumped tables
--

--
-- AUTO_INCREMENT for table `categories`
--
ALTER TABLE `categories`
  MODIFY `id` int(11) NOT NULL AUTO_INCREMENT, AUTO_INCREMENT=4;

--
-- AUTO_INCREMENT for table `items`
--
ALTER TABLE `items`
  MODIFY `id` int(11) NOT NULL AUTO_INCREMENT, AUTO_INCREMENT=84;

--
-- AUTO_INCREMENT for table `items_in_transaction`
--
ALTER TABLE `items_in_transaction`
  MODIFY `id` int(11) NOT NULL AUTO_INCREMENT, AUTO_INCREMENT=450;

--
-- AUTO_INCREMENT for table `safe`
--
ALTER TABLE `safe`
  MODIFY `id` int(11) NOT NULL AUTO_INCREMENT, AUTO_INCREMENT=4;

--
-- AUTO_INCREMENT for table `sales_transaction`
--
ALTER TABLE `sales_transaction`
  MODIFY `id` int(11) NOT NULL AUTO_INCREMENT, AUTO_INCREMENT=317;

--
-- AUTO_INCREMENT for table `users`
--
ALTER TABLE `users`
  MODIFY `id` int(11) NOT NULL AUTO_INCREMENT, AUTO_INCREMENT=21;

--
-- Constraints for dumped tables
--

--
-- Constraints for table `items`
--
ALTER TABLE `items`
  ADD CONSTRAINT `items_ibfk_1` FOREIGN KEY (`category_id`) REFERENCES `categories` (`id`);

--
-- Constraints for table `items_in_transaction`
--
ALTER TABLE `items_in_transaction`
  ADD CONSTRAINT `items_in_transaction_ibfk_1` FOREIGN KEY (`item_id`) REFERENCES `items` (`id`),
  ADD CONSTRAINT `items_in_transaction_ibfk_2` FOREIGN KEY (`transaction_id`) REFERENCES `sales_transaction` (`id`) ON DELETE CASCADE ON UPDATE CASCADE;

--
-- Constraints for table `sales_transaction`
--
ALTER TABLE `sales_transaction`
  ADD CONSTRAINT `sales_transaction_ibfk_1` FOREIGN KEY (`user_id`) REFERENCES `users` (`id`),
  ADD CONSTRAINT `sales_transaction_ibfk_2` FOREIGN KEY (`safe_id`) REFERENCES `safe` (`id`);
COMMIT;

/*!40101 SET CHARACTER_SET_CLIENT=@OLD_CHARACTER_SET_CLIENT */;
/*!40101 SET CHARACTER_SET_RESULTS=@OLD_CHARACTER_SET_RESULTS */;
/*!40101 SET COLLATION_CONNECTION=@OLD_COLLATION_CONNECTION */;
